{
	"pages": [{
		"path": "pages/tabbar/index/index",
		"style": {
			// #ifdef H5 || APP-PLUS
			"navigationBarTitleText": "生鲜商城",
			"titleNView": false,
			// #endif
			"navigationBarTextStyle": "white",
			"navigationStyle": "custom",
			"mp-alipay": {
				"navigationBarTitleText": "",
				"allowsBounceVertical": "YES",
				"transparentTitle": "always",
				"titlePenetrate": "YES"
			}
		}
	}, {
		"path": "pages/tabbar/category/category",
		"style": {
			// #ifdef H5 || APP-PLUS
			"titleNView": false,
			// #endif
			"navigationBarTitleText": "分类",
			"enablePullDownRefresh": false,
			"navigationStyle": "custom",
			"mp-weixin": {
				"disableScroll": true
			},
			"app-plus": {
				"bounce": "none",
				"titleNView": {
					"type": "transparent"
				}
			},
			"mp-alipay": {
				"navigationBarTitleText": "",
				"allowsBounceVertical": "NO",
				"transparentTitle": "always",
				"titlePenetrate": "YES"
			},
			"mp-baidu": {
				"disableScroll": true
			}
		}

	}, {
		"path": "pages/tabbar/cart/cart",
		"style": {
			// #ifdef H5
			"titleNView": false,
			// #endif
			"navigationBarTitleText": "购物车",
			"enablePullDownRefresh": false
		}

	}, {
		"path": "pages/tabbar/my/my",
		"style": {
			// #ifdef H5 || APP-PLUS
			"titleNView": false,
			// #endif
			"navigationStyle": "custom",
			"navigationBarTextStyle": "white",
			"navigationBarTitleText": "我的",
			"enablePullDownRefresh": false,
			"mp-alipay": {
				"navigationBarTitleText": "",
				"allowsBounceVertical": "YES",
				"transparentTitle": "always",
				"titlePenetrate": "YES"
			}
		}

	}, {
		"path": "pages/common/login/login",
		"style": {
			// #ifdef H5
			"titleNView": false,
			// #endif
			"navigationBarTitleText": "",
			"enablePullDownRefresh": false,
			"backgroundColorTop": "#FFFFFF",
			"backgroundColorBottom": "#FFFFFF"
		}

	}, {
		"path": "pages/common/reg/reg",
		"style": {
			// #ifdef H5
			"titleNView": false,
			// #endif
			"navigationBarTitleText": "",
			"enablePullDownRefresh": false,
			"backgroundColorTop": "#FFFFFF",
			"backgroundColorBottom": "#FFFFFF"
		}

	}, {
		"path": "pages/common/protocol/protocol",
		"style": {
			// #ifdef H5
			"titleNView": false,
			// #endif
			"navigationBarTitleText": "用户协议",
			"enablePullDownRefresh": false
		}

	}, {
		"path": "pages/index/search/search",
		"style": {
			// #ifdef H5
			"titleNView": false,
			// #endif
			"navigationBarTitleText": "搜索",
			"enablePullDownRefresh": false,
			"navigationBarBackgroundColor": "#F8F9FA"
		}

	}, {
		"path": "pages/index/searchList/searchList",
		"style": {
			// #ifdef H5
			"titleNView": false,
			// #endif
			"navigationStyle": "custom",
			"mp-alipay": {
				"navigationBarTitleText": "",
				"allowsBounceVertical": "YES",
				"transparentTitle": "always",
				"titlePenetrate": "YES"
			}
		}

	}, {
		"path": "pages/goods/goodsDetail/goodsDetail",
		"style": {
			// #ifdef H5 || APP-PLUS
			"navigationBarTitleText": "商品详情",
			"titleNView": false,
			// #endif
			"navigationBarTextStyle": "white",
			"navigationStyle": "custom",
			"mp-alipay": {
				"navigationBarTitleText": "",
				"allowsBounceVertical": "YES",
				"transparentTitle": "always",
				"titlePenetrate": "YES"
			}
		}

	}, {
		"path": "pages/goods/goodsComment/goodsComment",
		"style": {
			// #ifdef H5
			"titleNView": false,
			// #endif
			"navigationBarTitleText": "用户评价",
			"enablePullDownRefresh": false
		}

	}, {
		"path": "pages/goods/submitOrder/submitOrder",
		"style": {
			// #ifdef H5
			"titleNView": false,
			// #endif
			"navigationBarTitleText": "确认订单",
			"enablePullDownRefresh": false
		}

	}, {
		"path": "pages/my/address/address",
		"style": {
			// #ifdef H5
			"titleNView": false,
			// #endif
			"navigationBarTitleText": "收货地址",
			"enablePullDownRefresh": false
		}

	}, {
		"path": "pages/my/editAddress/editAddress",
		"style": {
			// #ifdef H5
			"titleNView": false,
			// #endif
			"navigationBarTitleText": "添加地址",
			"enablePullDownRefresh": false
		}

	}, {
		"path": "pages/goods/result/result",
		"style": {
			// #ifdef H5
			"titleNView": false,
			// #endif
			"navigationBarTitleText": "付款",
			"enablePullDownRefresh": false
		}

	}, {
		"path": "pages/my/order/order",
		"style": {
			// #ifdef H5
			"titleNView": false,
			// #endif
			"navigationBarTitleText": "我的订单",
			"enablePullDownRefresh": false
		}

	}, {
		"path": "pages/my/orderDetail/orderDetail",
		"style": {
			// #ifdef H5
			"titleNView": false,
			// #endif
			"navigationBarTitleText": "订单详情",
			"enablePullDownRefresh": false
		}

	}, {
		"path": "pages/my/evaluate/evaluate",
		"style": {
			// #ifdef H5
			"titleNView": false,
			// #endif
			"navigationBarTitleText": "评价",
			"enablePullDownRefresh": false
		}

	}, {
		"path": "pages/my/footprint/footprint",
		"style": {
			// #ifdef H5
			"titleNView": false,
			// #endif
			"navigationBarTitleText": "足迹",
			"enablePullDownRefresh": false
		}

	}, {
		"path": "pages/my/collection/collection",
		"style": {
			// #ifdef H5
			"titleNView": false,
			// #endif
			"navigationBarTitleText": "收藏",
			"enablePullDownRefresh": false
		}

	}, {
		"path": "pages/my/setup/setup",
		"style": {
			// #ifdef H5
			"titleNView": false,
			// #endif
			"navigationBarTitleText": "设置",
			"enablePullDownRefresh": false
		}

	}, {
		"path": "pages/my/info/info",
		"style": {
			// #ifdef H5
			"titleNView": false,
			// #endif
			"navigationBarTitleText": "个人信息",
			"enablePullDownRefresh": false
		}
	}, {
		"path": "pages/my/qa/qa",
		"style": {
			// #ifdef H5
			"titleNView": false,
			// #endif
			"navigationBarTitleText": "常见问题",
			"enablePullDownRefresh": false
		}

	}, {
		"path": "pages/index/coupon/coupon",
		"style": {
			// #ifdef H5
			"titleNView": false,
			// #endif
			"navigationBarTitleText": "领券中心",
			"enablePullDownRefresh": false
		}

	}, {
		"path": "pages/my/myCoupon/myCoupon",
		"style": {
			// #ifdef H5
			"titleNView": false,
			// #endif
			"navigationBarTitleText": "优惠券",
			"enablePullDownRefresh": false
		}

	}, {
		"path": "pages/my/refund/refund",
		"style": {
			// #ifdef H5
			"titleNView": false,
			// #endif
			"navigationBarTitleText": "退货退款",
			"enablePullDownRefresh": false
		}

	}, {
		"path": "pages/my/refundList/refundList",
		"style": {
			// #ifdef H5
			"titleNView": false,
			// #endif
			"navigationBarTitleText": "退款/售后",
			"enablePullDownRefresh": false
		}

	}, {
		"path": "pages/my/refundDetail/refundDetail",
		"style": {
			// #ifdef H5
			"titleNView": false,
			// #endif
			"navigationBarTitleText": "退款详情",
			"enablePullDownRefresh": false
		}

	}, {
		"path": "pages/my/integral/integral",
		"style": {
			// #ifdef H5
			"titleNView": false,
			// #endif
			"navigationBarTitleText": "积分",
			"enablePullDownRefresh": false
		}

	}, {
		"path": "pages/my/logistics/logistics",
		"style": {
			// #ifdef H5
			"titleNView": false,
			// #endif
			"navigationBarTitleText": "物流信息",
			"enablePullDownRefresh": false
		}

	}, {
		"path": "pages/my/nickname/nickname",
		"style": {
			// #ifdef H5
			"titleNView": false,
			// #endif
			"navigationBarTitleText": "修改昵称",
			"enablePullDownRefresh": false
		}

	}, {
		"path": "pages/my/avatar/avatar",
		"style": {
			"navigationBarBackgroundColor": "#FFFFFF",
			"navigationBarTextStyle": "black",
			// #ifdef H5
			"navigationBarTitleText": "更换头像",
			// #endif
			// #ifndef MP
			"titleNView": false,
			// #endif
			"navigationStyle": "custom",
			"mp-weixin": {
				"disableScroll": true
			},
			"app-plus": {
				"bounce": "none"
			},
			"mp-alipay": {
				"navigationBarTitleText": "",
				"allowsBounceVertical": "NO",
				"transparentTitle": "always",
				"titlePenetrate": "YES"
			},
			"mp-baidu": {
				"disableScroll": true
			}
		}

	}, {
		"path": "pages/goods/invoice/invoice",
		"style": {
			// #ifdef H5
			"titleNView": false,
			// #endif
			"navigationBarTitleText": "发票",
			"enablePullDownRefresh": false
		}

	}, {
		"path": "pages/index/location/location",
		"style": {
			// #ifdef H5
			"titleNView": false,
			// #endif
			"navigationBarTitleText": "选择地址",
			"enablePullDownRefresh": false
		}

	}, {
		"path": "pages/my/invalidCoupon/invalidCoupon",
		"style": {
			// #ifdef H5
			"titleNView": false,
			// #endif
			"navigationBarTitleText": "失效券",
			"enablePullDownRefresh": false
		}

	}, {
		"path": "pages/my/aboutUs/aboutUs",
		"style": {
			// #ifdef H5
			"titleNView": false,
			// #endif
			"navigationBarTitleText": "关于我们",
			"enablePullDownRefresh": false
		}

	}, {
		"path": "pages/my/verifyPhoneNo/verifyPhoneNo",
		"style": {
			// #ifdef H5
			"titleNView": false,
			// #endif
			"navigationBarTitleText": "",
			"enablePullDownRefresh": false,
			"backgroundColorTop": "#FFFFFF",
			"backgroundColorBottom": "#FFFFFF"
		}

	}, {
		"path": "pages/my/modifyPhoneNo/modifyPhoneNo",
		"style": {
			// #ifdef H5
			"titleNView": false,
			// #endif
			"navigationBarTitleText": "",
			"enablePullDownRefresh": false,
			"backgroundColorTop": "#FFFFFF",
			"backgroundColorBottom": "#FFFFFF"
		}

	}],
	"easycom": {
		"autoscan": true,
		"custom": {
			"tui-(.*)": "@/components/thorui/tui-$1/tui-$1.vue",
			"t-(.*)": "@/components/views/t-$1/t-$1.vue"
		}
	},
	"globalStyle": {
		"backgroundTextStyle": "dark",
		"navigationBarTextStyle": "black",
		"navigationBarTitleText": "生鲜商城",
		"navigationBarBackgroundColor": "#FFFFFF",
		"backgroundColor": "#F8F9FA",
		"backgroundColorTop": "#F8F9FA",
		"backgroundColorBottom": "#F8F9FA"
	},
	"tabBar": {
		"color": "#666666",
		"selectedColor": "#40AE36",
		"backgroundColor": "#FFFFFF",
		"list": [{
				"pagePath": "pages/tabbar/index/index",
				"text": "首页",
				"iconPath": "static/images/tabbar/index_3x.png",
				"selectedIconPath": "static/images/tabbar/index_active_3x.png"
			},
			{
				"pagePath": "pages/tabbar/category/category",
				"text": "分类",
				"iconPath": "static/images/tabbar/category_3x.png",
				"selectedIconPath": "static/images/tabbar/category_active_3x.png"
			},
			{
				"pagePath": "pages/tabbar/cart/cart",
				"text": "购物车",
				"iconPath": "static/images/tabbar/cart_3x.png",
				"selectedIconPath": "static/images/tabbar/cart_active_3x.png"
			},
			{
				"pagePath": "pages/tabbar/my/my",
				"text": "我的",
				"iconPath": "static/images/tabbar/my_3x.png",
				"selectedIconPath": "static/images/tabbar/my_active_3x.png"
			}
		]
	}
}
