{
	"pages": [{
			"path": "pages/tabbar/index/index",
			"style": {
				// #ifndef MP
				"titleNView": false,
				// #endif
				// #ifdef MP
				"navigationBarTitleText": "",
				// #endif
				"navigationStyle": "custom",
				"enablePullDownRefresh": false
			}
		},
		{
			"path": "pages/renting/detail/detail",
			"style": {
				// #ifndef MP
				"titleNView": false,
				"navigationBarTitleText": "详情",
				// #endif
				"navigationStyle": "custom",
				"backgroundColorTop": "#FEFBF7",
				"enablePullDownRefresh": false
			}

		}, {
			"path": "pages/tabbar/collect/collect",
			"style": {
				// #ifndef MP
				"titleNView": false,
				"navigationBarTitleText": "收藏房源",
				// #endif
				// #ifdef MP
				"navigationBarTitleText": "",
				// #endif
				"navigationStyle": "custom",
				"enablePullDownRefresh": false
			}

		}, {
			"path": "pages/tabbar/message/message",
			"style": {
				// #ifndef MP
				"titleNView": false,
				"navigationBarTitleText": "消息",
				// #endif
				// #ifdef MP
				"navigationBarTitleText": "",
				// #endif
				"navigationStyle": "custom",
				"enablePullDownRefresh": false
			}
		}, {
			"path": "pages/tabbar/my/my",
			"style": {
				// #ifndef MP
				"titleNView": false,
				"navigationBarTitleText": "我的",
				// #endif
				// #ifdef MP
				"navigationBarTitleText": "",
				// #endif
				"navigationStyle": "custom",
				"backgroundColorTop": "#FEFBF7",
				"enablePullDownRefresh": false
			}

		}, {
			"path": "pages/common/login/login",
			"style": {
				// #ifndef MP
				"titleNView": false,
				// #endif
				"navigationStyle": "custom",
				"navigationBarTitleText": "登录",
				"enablePullDownRefresh": false
			}

		}, {
			"path": "pages/common/reg/reg",
			"style": {
				// #ifndef MP
				"titleNView": false,
				// #endif
				"navigationStyle": "custom",
				"navigationBarTitleText": "注册",
				"enablePullDownRefresh": false
			}

		}, {
			"path": "pages/common/code/code",
			"style": {
				// #ifndef MP
				"titleNView": false,
				// #endif
				"navigationStyle": "custom",
				"navigationBarTitleText": "输入验证码",
				"enablePullDownRefresh": false
			}

		}, {
			"path": "pages/common/verifyCode/verifyCode",
			"style": {
				// #ifndef MP
				"titleNView": false,
				"navigationBarTitleText": "重置密码",
				// #endif
				"navigationStyle": "custom",
				"enablePullDownRefresh": false
			}
		}, {
			"path": "pages/common/setPwd/setPwd",
			"style": {
				// #ifndef MP
				"titleNView": false,
				"navigationBarTitleText": "设置密码",
				// #endif
				"navigationStyle": "custom",
				"enablePullDownRefresh": false
			}

		}, {
			"path": "pages/renting/search/search",
			"style": {
				// #ifndef MP
				"titleNView": false,
				"navigationBarTitleText": "搜索",
				// #endif
				"navigationStyle": "custom",
				"enablePullDownRefresh": false
			}

		}, {
			"path": "pages/renting/screen/screen",
			"style": {
				// #ifndef MP
				"titleNView": false,
				"navigationBarTitleText": "筛选",
				// #endif
				"navigationStyle": "custom",
				"enablePullDownRefresh": false
			}

		}, {
			"path": "pages/renting/ar/ar",
			"style": {
				// #ifdef H5
				"titleNView": false,
				// #endif
				"navigationBarBackgroundColor": "#FFFFFF",
				"navigationBarTextStyle": "black",
				"enablePullDownRefresh": false
			}
		}, {
			"path": "pages/renting/reserve/reserve",
			"style": {
				// #ifndef MP
				"titleNView": false,
				"navigationBarTitleText": "预定",
				// #endif
				"navigationStyle": "custom",
				"enablePullDownRefresh": false
			}

		}, {
			"path": "pages/renting/result/result",
			"style": {
				// #ifndef MP
				"titleNView": false,
				"navigationBarTitleText": "支付",
				// #endif
				"navigationStyle": "custom",
				"enablePullDownRefresh": false
			}

		}, {
			"path": "pages/renting/chat/chat",
			"style": {
				// #ifdef H5
				"titleNView": false,
				// #endif
				"navigationBarTitleText": "聊天",
				"navigationBarTextStyle": "black",
				"navigationBarBackgroundColor": "#FFFFFF",
				"backgroundColorTop": "#FEFBF7",
				"enablePullDownRefresh": false
			}

		}, {
			"path": "pages/my/upload/upload",
			"style": {
				// #ifndef MP
				"titleNView": false,
				"navigationBarTitleText": "修改头像",
				// #endif
				"navigationStyle": "custom",
				"backgroundColorTop": "#FEFBF7",
				"enablePullDownRefresh": false
			}

		}, {
			"path": "pages/my/account/account",
			"style": {
				// #ifndef MP
				"titleNView": false,
				"navigationBarTitleText": "账号信息",
				// #endif
				"navigationStyle": "custom",
				"enablePullDownRefresh": false
			}

		}, {
			"path": "pages/my/nickname/nickname",
			"style": {
				// #ifndef MP
				"titleNView": false,
				"navigationBarTitleText": "修改昵称",
				// #endif
				"navigationStyle": "custom",
				"enablePullDownRefresh": false
			}

		}, {
			"path": "pages/my/wallet/wallet",
			"style": {
				// #ifndef MP
				"titleNView": false,
				"navigationBarTitleText": "我的钱包",
				// #endif
				"navigationStyle": "custom",
				"enablePullDownRefresh": false
			}

		}, {
			"path": "pages/my/bill/bill",
			"style": {
				// #ifndef MP
				"titleNView": false,
				"navigationBarTitleText": "我的账单",
				// #endif
				"navigationStyle": "custom",
				"enablePullDownRefresh": false
			}

		}, {
			"path": "pages/my/bankCard/bankCard",
			"style": {
				// #ifndef MP
				"titleNView": false,
				"navigationBarTitleText": "我的银行卡",
				// #endif
				"navigationStyle": "custom",
				"enablePullDownRefresh": false
			}

		}, {
			"path": "pages/my/addBankCard/addBankCard",
			"style": {
				// #ifndef MP
				"titleNView": false,
				"navigationBarTitleText": "添加银行卡",
				// #endif
				"navigationStyle": "custom",
				"enablePullDownRefresh": false
			}

		}, {
			"path": "pages/my/notice/notice",
			"style": {
				// #ifndef MP
				"titleNView": false,
				"navigationBarTitleText": "消息通知",
				// #endif
				"navigationStyle": "custom",
				"enablePullDownRefresh": false
			}

		}, {
			"path": "pages/my/security/security",
			"style": {
				// #ifndef MP
				"titleNView": false,
				"navigationBarTitleText": "账号安全",
				// #endif
				"navigationStyle": "custom",
				"enablePullDownRefresh": false
			}

		}, {
			"path": "pages/my/about/about",
			"style": {
				// #ifndef MP
				"titleNView": false,
				"navigationBarTitleText": "关于我们",
				// #endif
				"navigationStyle": "custom",
				"enablePullDownRefresh": false
			}

		}, {
			"path": "pages/common/protocol/protocol",
			"style": {
				// #ifdef H5
				"titleNView": false,
				"navigationBarTitleText": "用户协议",
				// #endif
				// #ifdef MP
				"navigationBarTitleText": "",
				// #endif
				"navigationStyle": "custom",
				"enablePullDownRefresh": false
			}
		}, {
			"path": "pages/my/scoring/scoring",
			"style": {
				// #ifdef H5
				"titleNView": false,
				"navigationBarTitleText": "打分评价",
				// #endif
				// #ifdef MP
				"navigationBarTitleText": "",
				// #endif
				"navigationStyle": "custom",
				"enablePullDownRefresh": false
			}
		}
	],
	"easycom": {
		"autoscan": true,
		"custom": {
			"tui-(.*)": "@/components/thorui/tui-$1/tui-$1.vue",
			"t-(.*)": "@/components/views/t-$1/t-$1.vue"
		}
	},
	"globalStyle": {
		"backgroundTextStyle": "light",
		"navigationBarTextStyle": "white",
		"navigationBarTitleText": "ThorUI租房",
		"navigationBarBackgroundColor": "#FFAB4B",
		"backgroundColor": "#FEFBF7",
		"backgroundColorTop": "#FFAB4B",
		"backgroundColorBottom": "#FEFBF7"
	},
	"tabBar": {
		"color": "#DDDDDD",
		"selectedColor": "#1F244B",
		"backgroundColor": "#FFFFFF",
		"list": [{
				"pagePath": "pages/tabbar/index/index",
				"text": "首页",
				"iconPath": "static/images/tabbar/index_normal_3x.png",
				"selectedIconPath": "static/images/tabbar/index_active_3x.png"
			},
			{
				"pagePath": "pages/tabbar/collect/collect",
				"text": "收藏",
				"iconPath": "static/images/tabbar/order_normal_3x.png",
				"selectedIconPath": "static/images/tabbar/order_active_3x.png"
			},
			{
				"pagePath": "pages/tabbar/message/message",
				"text": "消息",
				"iconPath": "static/images/tabbar/message_normal_3x.png",
				"selectedIconPath": "static/images/tabbar/message_active_3x.png"
			},
			{
				"pagePath": "pages/tabbar/my/my",
				"text": "我的",
				"iconPath": "static/images/tabbar/my_normal_3x.png",
				"selectedIconPath": "static/images/tabbar/my_active_3x.png"
			}
		]
	}
}